patient_id,split
PatientID_234,train
PatientID_201,train
PatientID_174,train
PatientID_021,train
PatientID_247,train
PatientID_253,train
PatientID_194,train
PatientID_238,train
PatientID_155,train
PatientID_196,train
PatientID_227,train
PatientID_178,train
PatientID_148,train
PatientID_103,train
PatientID_209,train
PatientID_131,train
PatientID_139,train
PatientID_254,train
PatientID_264,train
PatientID_124,train
PatientID_080,train
PatientID_133,train
PatientID_118,train
PatientID_257,train
PatientID_013,train
PatientID_149,train
PatientID_255,train
PatientID_031,train
PatientID_185,train
PatientID_184,train
PatientID_217,train
PatientID_259,train
PatientID_134,train
PatientID_203,train
PatientID_261,train
PatientID_026,train
PatientID_144,train
PatientID_165,train
PatientID_082,train
PatientID_213,train
PatientID_249,train
PatientID_263,train
PatientID_143,train
PatientID_005,train
PatientID_158,train
PatientID_006,train
PatientID_127,train
PatientID_232,train
PatientID_104,train
PatientID_022,train
PatientID_077,train
PatientID_094,train
PatientID_073,train
PatientID_101,train
PatientID_215,train
PatientID_163,train
PatientID_186,train
PatientID_241,train
PatientID_045,train
PatientID_084,train
PatientID_169,train
PatientID_156,train
PatientID_076,train
PatientID_072,train
PatientID_097,train
PatientID_151,train
PatientID_041,train
PatientID_019,train
PatientID_070,train
PatientID_056,train
PatientID_192,train
PatientID_154,train
PatientID_048,train
PatientID_083,train
PatientID_222,train
PatientID_018,train
PatientID_078,train
PatientID_239,train
PatientID_198,train
PatientID_043,train
PatientID_039,train
PatientID_235,train
PatientID_183,train
PatientID_236,train
PatientID_181,train
PatientID_167,train
PatientID_008,train
PatientID_171,train
PatientID_138,train
PatientID_105,train
PatientID_157,train
PatientID_033,train
PatientID_145,train
PatientID_164,train
PatientID_007,train
PatientID_216,train
PatientID_214,train
PatientID_030,train
PatientID_197,train
PatientID_059,train
PatientID_121,train
PatientID_071,train
PatientID_225,train
PatientID_140,train
PatientID_251,train
PatientID_057,train
PatientID_142,train
PatientID_038,train
PatientID_015,train
PatientID_123,train
PatientID_120,train
PatientID_188,train
PatientID_047,train
PatientID_262,train
PatientID_108,val
PatientID_042,val
PatientID_202,val
PatientID_220,val
PatientID_245,val
PatientID_093,val
PatientID_003,val
PatientID_111,val
PatientID_126,val
PatientID_115,val
PatientID_246,val
PatientID_086,val
PatientID_146,val
PatientID_117,val
PatientID_205,val
PatientID_052,val
PatientID_099,val
PatientID_168,val
PatientID_095,val
PatientID_237,val
PatientID_161,val
PatientID_248,val
PatientID_112,val
PatientID_025,val
PatientID_068,test
PatientID_107,test
PatientID_091,test
PatientID_109,test
PatientID_028,test
PatientID_132,test
PatientID_252,test
PatientID_258,test
PatientID_193,test
PatientID_065,test
PatientID_173,test
PatientID_136,test
PatientID_135,test
PatientID_017,test
PatientID_265,test
PatientID_125,test
PatientID_190,test
PatientID_211,test
PatientID_200,test
PatientID_137,test
PatientID_199,test
PatientID_110,test
PatientID_058,test
PatientID_069,test
PatientID_160,test