patient_id,split
PatientID_0272,train
PatientID_0089,train
PatientID_0205,train
PatientID_0060,train
PatientID_0260,train
PatientID_0251,train
PatientID_0116,train
PatientID_0136,train
PatientID_0113,train
PatientID_0238,train
PatientID_0162,train
PatientID_0065,train
PatientID_0125,train
PatientID_0005,train
PatientID_0025,train
PatientID_0149,train
PatientID_0022,train
PatientID_0073,train
PatientID_0030,train
PatientID_0012,train
PatientID_0186,train
PatientID_0267,train
PatientID_0214,train
PatientID_0210,train
PatientID_0188,train
PatientID_0068,train
PatientID_0064,train
PatientID_0156,train
PatientID_0084,train
PatientID_0195,train
PatientID_0204,train
PatientID_0037,train
PatientID_0034,train
PatientID_0170,train
PatientID_0021,train
PatientID_0045,train
PatientID_0087,train
PatientID_0160,train
PatientID_0157,train
PatientID_0018,train
PatientID_0171,train
PatientID_0019,train
PatientID_0215,train
PatientID_0036,train
PatientID_0033,train
PatientID_0118,train
PatientID_0199,train
PatientID_0250,train
PatientID_0074,train
PatientID_0006,train
PatientID_0010,train
PatientID_0039,train
PatientID_0191,train
PatientID_0092,train
PatientID_0235,train
PatientID_0031,train
PatientID_0242,train
PatientID_0138,train
PatientID_0008,train
PatientID_0151,train
PatientID_0159,train
PatientID_0072,train
PatientID_0029,train
PatientID_0252,train
PatientID_0053,train
PatientID_0062,train
PatientID_0051,train
PatientID_0032,train
PatientID_0013,train
PatientID_0117,train
PatientID_0114,train
PatientID_0132,train
PatientID_0038,train
PatientID_0169,train
PatientID_0094,train
PatientID_0035,train
PatientID_0152,train
PatientID_0198,train
PatientID_0150,train
PatientID_0080,train
PatientID_0003,train
PatientID_0103,train
PatientID_0123,train
PatientID_0109,train
PatientID_0076,train
PatientID_0213,train
PatientID_0041,train
PatientID_0085,train
PatientID_0083,train
PatientID_0201,train
PatientID_0254,val
PatientID_0264,val
PatientID_0069,val
PatientID_0105,val
PatientID_0024,val
PatientID_0274,val
PatientID_0055,val
PatientID_0265,val
PatientID_0164,val
PatientID_0079,val
PatientID_0095,val
PatientID_0026,val
PatientID_0135,val
PatientID_0067,val
PatientID_0236,val
PatientID_0054,val
PatientID_0240,val
PatientID_0209,val
PatientID_0082,val
PatientID_0142,test
PatientID_0140,test
PatientID_0014,test
PatientID_0220,test
PatientID_0207,test
PatientID_0110,test
PatientID_0275,test
PatientID_0121,test
PatientID_0239,test
PatientID_0145,test
PatientID_0097,test
PatientID_0090,test
PatientID_0052,test
PatientID_0070,test
PatientID_0093,test
PatientID_0256,test
PatientID_0059,test
PatientID_0147,test
PatientID_0189,test
